<?xml version="1.0" encoding="UTF-8"?>
<project-private xmlns="http://www.netbeans.org/ns/project-private/1">
    <editor-bookmarks xmlns="http://www.netbeans.org/ns/editor-bookmarks/2" lastBookmarkId="0"/>
    <open-files xmlns="http://www.netbeans.org/ns/projectui-open-files/2">
        <group>
            <file>file:/C:/Users/Administrateur/Documents/NetBeansProjects/Memory/src/JeuMemory/InitDlg.java</file>
            <file>file:/C:/Users/Administrateur/Documents/NetBeansProjects/Memory/src/JeuMemory/Transfert.java</file>
            <file>file:/C:/Users/Administrateur/Documents/NetBeansProjects/Memory/src/JeuMemory/TransfertDlg.java</file>
            <file>file:/C:/Users/Administrateur/Documents/NetBeansProjects/Memory/src/JeuMemory/JeuMemory.java</file>
        </group>
    </open-files>
</project-private>
